<?xml version="1.0" encoding="UTF-8"?>
<GenRun Id="impl_1" LaunchPart="xc7a35tcpg236-1" LaunchTime="1726725410">
  <File Type="ROUTE-PWR" Name="l1p5_power_routed.rpt"/>
  <File Type="PA-TCL" Name="l1p5.tcl"/>
  <File Type="ROUTE-PWR-SUM" Name="l1p5_power_summary_routed.pb"/>
  <File Type="REPORTS-TCL" Name="l1p5_reports.tcl"/>
  <File Type="OPT-RQA-PB" Name="l1p5_rqa_opted.pb"/>
  <File Type="BITSTR-MMI" Name="l1p5.mmi"/>
  <File Type="OPT-METHODOLOGY-DRC" Name="l1p5_methodology_drc_opted.rpt"/>
  <File Type="INIT-TIMING" Name="l1p5_timing_summary_init.rpt"/>
  <File Type="OPT-TIMING" Name="l1p5_timing_summary_opted.rpt"/>
  <File Type="OPT-DCP" Name="l1p5_opt.dcp"/>
  <File Type="OPT-DRC" Name="l1p5_drc_opted.rpt"/>
  <File Type="OPT-HWDEF" Name="l1p5.hwdef"/>
  <File Type="PWROPT-DCP" Name="l1p5_pwropt.dcp"/>
  <File Type="PWROPT-DRC" Name="l1p5_drc_pwropted.rpt"/>
  <File Type="PWROPT-TIMING" Name="l1p5_timing_summary_pwropted.rpt"/>
  <File Type="PLACE-DCP" Name="l1p5_placed.dcp"/>
  <File Type="PLACE-IO" Name="l1p5_io_placed.rpt"/>
  <File Type="PLACE-CLK" Name="l1p5_clock_utilization_placed.rpt"/>
  <File Type="PLACE-UTIL" Name="l1p5_utilization_placed.rpt"/>
  <File Type="PLACE-UTIL-PB" Name="l1p5_utilization_placed.pb"/>
  <File Type="PLACE-CTRL" Name="l1p5_control_sets_placed.rpt"/>
  <File Type="PLACE-SIMILARITY" Name="l1p5_incremental_reuse_placed.rpt"/>
  <File Type="PLACE-PRE-SIMILARITY" Name="l1p5_incremental_reuse_pre_placed.rpt"/>
  <File Type="BG-BIN" Name="l1p5.bin"/>
  <File Type="PLACE-TIMING" Name="l1p5_timing_summary_placed.rpt"/>
  <File Type="ROUTE-PWR-RPX" Name="l1p5_power_routed.rpx"/>
  <File Type="PLACE-RQA-PB" Name="l1p5_rqa_placed.pb"/>
  <File Type="POSTPLACE-PWROPT-DCP" Name="l1p5_postplace_pwropt.dcp"/>
  <File Type="BITSTR-MSK" Name="l1p5.msk"/>
  <File Type="POSTPLACE-PWROPT-TIMING" Name="l1p5_timing_summary_postplace_pwropted.rpt"/>
  <File Type="PHYSOPT-DCP" Name="l1p5_physopt.dcp"/>
  <File Type="PHYSOPT-DRC" Name="l1p5_drc_physopted.rpt"/>
  <File Type="BITSTR-RBT" Name="l1p5.rbt"/>
  <File Type="PHYSOPT-TIMING" Name="l1p5_timing_summary_physopted.rpt"/>
  <File Type="ROUTE-ERROR-DCP" Name="l1p5_routed_error.dcp"/>
  <File Type="ROUTE-DCP" Name="l1p5_routed.dcp"/>
  <File Type="ROUTE-BLACKBOX-DCP" Name="l1p5_routed_bb.dcp"/>
  <File Type="ROUTE-DRC" Name="l1p5_drc_routed.rpt"/>
  <File Type="ROUTE-DRC-PB" Name="l1p5_drc_routed.pb"/>
  <File Type="ROUTE-DRC-RPX" Name="l1p5_drc_routed.rpx"/>
  <File Type="ROUTE-METHODOLOGY-DRC" Name="l1p5_methodology_drc_routed.rpt"/>
  <File Type="ROUTE-METHODOLOGY-DRC-RPX" Name="l1p5_methodology_drc_routed.rpx"/>
  <File Type="ROUTE-METHODOLOGY-DRC-PB" Name="l1p5_methodology_drc_routed.pb"/>
  <File Type="ROUTE-RQS-PB" Name="l1p5_rqs_routed.pb"/>
  <File Type="ROUTE-STATUS" Name="l1p5_route_status.rpt"/>
  <File Type="ROUTE-STATUS-PB" Name="l1p5_route_status.pb"/>
  <File Type="ROUTE-TIMINGSUMMARY" Name="l1p5_timing_summary_routed.rpt"/>
  <File Type="ROUTE-TIMING-PB" Name="l1p5_timing_summary_routed.pb"/>
  <File Type="ROUTE-TIMING-RPX" Name="l1p5_timing_summary_routed.rpx"/>
  <File Type="ROUTE-SIMILARITY" Name="l1p5_incremental_reuse_routed.rpt"/>
  <File Type="ROUTE-CLK" Name="l1p5_clock_utilization_routed.rpt"/>
  <File Type="ROUTE-BUS-SKEW" Name="l1p5_bus_skew_routed.rpt"/>
  <File Type="ROUTE-BUS-SKEW-PB" Name="l1p5_bus_skew_routed.pb"/>
  <File Type="ROUTE-BUS-SKEW-RPX" Name="l1p5_bus_skew_routed.rpx"/>
  <File Type="POSTROUTE-PHYSOPT-DCP" Name="l1p5_postroute_physopt.dcp"/>
  <File Type="POSTROUTE-PHYSOPT-BLACKBOX-DCP" Name="l1p5_postroute_physopt_bb.dcp"/>
  <File Type="POSTROUTE-PHYSOPT-TIMING" Name="l1p5_timing_summary_postroute_physopted.rpt"/>
  <File Type="POSTROUTE-PHYSOPT-TIMING-PB" Name="l1p5_timing_summary_postroute_physopted.pb"/>
  <File Type="POSTROUTE-PHYSOPT-TIMING-RPX" Name="l1p5_timing_summary_postroute_physopted.rpx"/>
  <File Type="POSTROUTE-PHYSOPT-BUS-SKEW" Name="l1p5_bus_skew_postroute_physopted.rpt"/>
  <File Type="BG-BIT" Name="l1p5.bit"/>
  <File Type="POSTROUTE-PHYSOPT-BUS-SKEW-PB" Name="l1p5_bus_skew_postroute_physopted.pb"/>
  <File Type="POSTROUTE-PHYSOPT-BUS-SKEW-RPX" Name="l1p5_bus_skew_postroute_physopted.rpx"/>
  <File Type="BITSTR-NKY" Name="l1p5.nky"/>
  <File Type="BITSTR-BMM" Name="l1p5_bd.bmm"/>
  <File Type="PDI-FILE" Name="l1p5.pdi"/>
  <File Type="BOOT-PDI-FILE" Name="l1p5_boot.pdi"/>
  <File Type="PL-PDI-FILE" Name="l1p5_pld.pdi"/>
  <File Type="RCFI_FILE" Name="l1p5.rcfi"/>
  <File Type="CFI_FILE" Name="l1p5.cfi"/>
  <File Type="RNPI_FILE" Name="l1p5.rnpi"/>
  <File Type="NPI_FILE" Name="l1p5.npi"/>
  <File Type="RBD_FILE" Name="l1p5.rbd"/>
  <File Type="BITSTR-LTX" Name="debug_nets.ltx"/>
  <File Type="BITSTR-LTX" Name="l1p5.ltx"/>
  <File Type="BITSTR-SYSDEF" Name="l1p5.sysdef"/>
  <File Type="BG-BGN" Name="l1p5.bgn"/>
  <File Type="BG-DRC" Name="l1p5.drc"/>
  <File Type="RDI-RDI" Name="l1p5.vdi"/>
  <File Type="WBT-USG" Name="usage_statistics_webtalk.html"/>
  <File Type="ROUTE-RQS" Name="l1p5_routed.rqs"/>
  <File Type="POSTROUTE-PHYSOPT-RQS" Name="l1p5_postroute_physopted.rqs"/>
  <File Type="ROUTE-RQS-RPT" Name="route_report_qor_suggestions_0.rpt"/>
  <File Type="POSTROUTE-PHYSOPT-RQS-RPT" Name="postroute_physopt_report_qor_suggestions_0.rpt"/>
  <FileSet Name="sources" Type="DesignSrcs" RelSrcDir="$PSRCDIR/sources_1" RelGenDir="$PGENDIR/sources_1">
    <Filter Type="Srcs"/>
    <File Path="$PSRCDIR/sources_1/imports/lab1/l1p5.vhd">
      <FileInfo>
        <Attr Name="ImportPath" Val="$PPRDIR/../l1p5.vhd"/>
        <Attr Name="ImportTime" Val="1724815600"/>
        <Attr Name="UsedIn" Val="synthesis"/>
        <Attr Name="UsedIn" Val="simulation"/>
      </FileInfo>
    </File>
    <Config>
      <Option Name="DesignMode" Val="RTL"/>
      <Option Name="TopModule" Val="l1p5"/>
      <Option Name="TopAutoSet" Val="TRUE"/>
    </Config>
  </FileSet>
  <FileSet Name="constrs_in" Type="Constrs" RelSrcDir="$PSRCDIR/constrs_1" RelGenDir="$PGENDIR/constrs_1">
    <Filter Type="Constrs"/>
    <File Path="$PSRCDIR/constrs_1/imports/lab1/Basys-3-Master.xdc">
      <FileInfo>
        <Attr Name="ImportPath" Val="$PPRDIR/../Basys-3-Master.xdc"/>
        <Attr Name="ImportTime" Val="1709539078"/>
        <Attr Name="UsedIn" Val="synthesis"/>
        <Attr Name="UsedIn" Val="implementation"/>
      </FileInfo>
    </File>
    <Config>
      <Option Name="ConstrsType" Val="XDC"/>
    </Config>
  </FileSet>
  <FileSet Name="utils" Type="Utils" RelSrcDir="$PSRCDIR/utils_1" RelGenDir="$PGENDIR/utils_1">
    <Filter Type="Utils"/>
    <File Path="$PSRCDIR/utils_1/imports/synth_1/l1p5.dcp">
      <FileInfo>
        <Attr Name="UsedIn" Val="synthesis"/>
        <Attr Name="UsedIn" Val="implementation"/>
        <Attr Name="UsedInSteps" Val="synth_1"/>
        <Attr Name="AutoDcp" Val="1"/>
      </FileInfo>
    </File>
    <Config>
      <Option Name="TopAutoSet" Val="TRUE"/>
    </Config>
  </FileSet>
  <Strategy Version="1" Minor="2">
    <StratHandle Name="Vivado Implementation Defaults" Flow="Vivado Implementation 2023">
      <Desc>Default settings for Implementation.</Desc>
    </StratHandle>
    <Step Id="init_design"/>
    <Step Id="opt_design"/>
    <Step Id="power_opt_design"/>
    <Step Id="place_design"/>
    <Step Id="post_place_power_opt_design"/>
    <Step Id="phys_opt_design"/>
    <Step Id="route_design"/>
    <Step Id="post_route_phys_opt_design"/>
    <Step Id="write_bitstream"/>
  </Strategy>
</GenRun>
