<?xml version="1.0" encoding="UTF-8"?>
<GenRun Id="impl_1" LaunchPart="xc7a35tcpg236-1" LaunchTime="1727282618">
  <File Type="ROUTE-PWR" Name="l2p11_power_routed.rpt"/>
  <File Type="PA-TCL" Name="l2p11.tcl"/>
  <File Type="ROUTE-PWR-SUM" Name="l2p11_power_summary_routed.pb"/>
  <File Type="REPORTS-TCL" Name="l2p11_reports.tcl"/>
  <File Type="OPT-RQA-PB" Name="l2p11_rqa_opted.pb"/>
  <File Type="BITSTR-MMI" Name="l2p11.mmi"/>
  <File Type="OPT-METHODOLOGY-DRC" Name="l2p11_methodology_drc_opted.rpt"/>
  <File Type="INIT-TIMING" Name="l2p11_timing_summary_init.rpt"/>
  <File Type="OPT-TIMING" Name="l2p11_timing_summary_opted.rpt"/>
  <File Type="OPT-DCP" Name="l2p11_opt.dcp"/>
  <File Type="OPT-DRC" Name="l2p11_drc_opted.rpt"/>
  <File Type="OPT-HWDEF" Name="l2p11.hwdef"/>
  <File Type="PWROPT-DCP" Name="l2p11_pwropt.dcp"/>
  <File Type="PWROPT-DRC" Name="l2p11_drc_pwropted.rpt"/>
  <File Type="PWROPT-TIMING" Name="l2p11_timing_summary_pwropted.rpt"/>
  <File Type="PLACE-DCP" Name="l2p11_placed.dcp"/>
  <File Type="PLACE-IO" Name="l2p11_io_placed.rpt"/>
  <File Type="PLACE-CLK" Name="l2p11_clock_utilization_placed.rpt"/>
  <File Type="PLACE-UTIL" Name="l2p11_utilization_placed.rpt"/>
  <File Type="PLACE-UTIL-PB" Name="l2p11_utilization_placed.pb"/>
  <File Type="PLACE-CTRL" Name="l2p11_control_sets_placed.rpt"/>
  <File Type="PLACE-SIMILARITY" Name="l2p11_incremental_reuse_placed.rpt"/>
  <File Type="PLACE-PRE-SIMILARITY" Name="l2p11_incremental_reuse_pre_placed.rpt"/>
  <File Type="BG-BIN" Name="l2p11.bin"/>
  <File Type="PLACE-TIMING" Name="l2p11_timing_summary_placed.rpt"/>
  <File Type="ROUTE-PWR-RPX" Name="l2p11_power_routed.rpx"/>
  <File Type="PLACE-RQA-PB" Name="l2p11_rqa_placed.pb"/>
  <File Type="POSTPLACE-PWROPT-DCP" Name="l2p11_postplace_pwropt.dcp"/>
  <File Type="BITSTR-MSK" Name="l2p11.msk"/>
  <File Type="POSTPLACE-PWROPT-TIMING" Name="l2p11_timing_summary_postplace_pwropted.rpt"/>
  <File Type="PHYSOPT-DCP" Name="l2p11_physopt.dcp"/>
  <File Type="PHYSOPT-DRC" Name="l2p11_drc_physopted.rpt"/>
  <File Type="BITSTR-RBT" Name="l2p11.rbt"/>
  <File Type="PHYSOPT-TIMING" Name="l2p11_timing_summary_physopted.rpt"/>
  <File Type="ROUTE-ERROR-DCP" Name="l2p11_routed_error.dcp"/>
  <File Type="ROUTE-DCP" Name="l2p11_routed.dcp"/>
  <File Type="ROUTE-BLACKBOX-DCP" Name="l2p11_routed_bb.dcp"/>
  <File Type="ROUTE-DRC" Name="l2p11_drc_routed.rpt"/>
  <File Type="ROUTE-DRC-PB" Name="l2p11_drc_routed.pb"/>
  <File Type="ROUTE-DRC-RPX" Name="l2p11_drc_routed.rpx"/>
  <File Type="ROUTE-METHODOLOGY-DRC" Name="l2p11_methodology_drc_routed.rpt"/>
  <File Type="ROUTE-METHODOLOGY-DRC-RPX" Name="l2p11_methodology_drc_routed.rpx"/>
  <File Type="ROUTE-METHODOLOGY-DRC-PB" Name="l2p11_methodology_drc_routed.pb"/>
  <File Type="ROUTE-RQS-PB" Name="l2p11_rqs_routed.pb"/>
  <File Type="ROUTE-STATUS" Name="l2p11_route_status.rpt"/>
  <File Type="ROUTE-STATUS-PB" Name="l2p11_route_status.pb"/>
  <File Type="ROUTE-TIMINGSUMMARY" Name="l2p11_timing_summary_routed.rpt"/>
  <File Type="ROUTE-TIMING-PB" Name="l2p11_timing_summary_routed.pb"/>
  <File Type="ROUTE-TIMING-RPX" Name="l2p11_timing_summary_routed.rpx"/>
  <File Type="ROUTE-SIMILARITY" Name="l2p11_incremental_reuse_routed.rpt"/>
  <File Type="ROUTE-CLK" Name="l2p11_clock_utilization_routed.rpt"/>
  <File Type="ROUTE-BUS-SKEW" Name="l2p11_bus_skew_routed.rpt"/>
  <File Type="ROUTE-BUS-SKEW-PB" Name="l2p11_bus_skew_routed.pb"/>
  <File Type="ROUTE-BUS-SKEW-RPX" Name="l2p11_bus_skew_routed.rpx"/>
  <File Type="POSTROUTE-PHYSOPT-DCP" Name="l2p11_postroute_physopt.dcp"/>
  <File Type="POSTROUTE-PHYSOPT-BLACKBOX-DCP" Name="l2p11_postroute_physopt_bb.dcp"/>
  <File Type="POSTROUTE-PHYSOPT-TIMING" Name="l2p11_timing_summary_postroute_physopted.rpt"/>
  <File Type="POSTROUTE-PHYSOPT-TIMING-PB" Name="l2p11_timing_summary_postroute_physopted.pb"/>
  <File Type="POSTROUTE-PHYSOPT-TIMING-RPX" Name="l2p11_timing_summary_postroute_physopted.rpx"/>
  <File Type="POSTROUTE-PHYSOPT-BUS-SKEW" Name="l2p11_bus_skew_postroute_physopted.rpt"/>
  <File Type="BG-BIT" Name="l2p11.bit"/>
  <File Type="POSTROUTE-PHYSOPT-BUS-SKEW-PB" Name="l2p11_bus_skew_postroute_physopted.pb"/>
  <File Type="POSTROUTE-PHYSOPT-BUS-SKEW-RPX" Name="l2p11_bus_skew_postroute_physopted.rpx"/>
  <File Type="BITSTR-NKY" Name="l2p11.nky"/>
  <File Type="BITSTR-BMM" Name="l2p11_bd.bmm"/>
  <File Type="PDI-FILE" Name="l2p11.pdi"/>
  <File Type="BOOT-PDI-FILE" Name="l2p11_boot.pdi"/>
  <File Type="PL-PDI-FILE" Name="l2p11_pld.pdi"/>
  <File Type="RCFI_FILE" Name="l2p11.rcfi"/>
  <File Type="CFI_FILE" Name="l2p11.cfi"/>
  <File Type="RNPI_FILE" Name="l2p11.rnpi"/>
  <File Type="NPI_FILE" Name="l2p11.npi"/>
  <File Type="RBD_FILE" Name="l2p11.rbd"/>
  <File Type="BITSTR-LTX" Name="debug_nets.ltx"/>
  <File Type="BITSTR-LTX" Name="l2p11.ltx"/>
  <File Type="BITSTR-SYSDEF" Name="l2p11.sysdef"/>
  <File Type="BG-BGN" Name="l2p11.bgn"/>
  <File Type="BG-DRC" Name="l2p11.drc"/>
  <File Type="RDI-RDI" Name="l2p11.vdi"/>
  <File Type="WBT-USG" Name="usage_statistics_webtalk.html"/>
  <File Type="ROUTE-RQS" Name="l2p11_routed.rqs"/>
  <File Type="POSTROUTE-PHYSOPT-RQS" Name="l2p11_postroute_physopted.rqs"/>
  <File Type="ROUTE-RQS-RPT" Name="route_report_qor_suggestions_0.rpt"/>
  <File Type="POSTROUTE-PHYSOPT-RQS-RPT" Name="postroute_physopt_report_qor_suggestions_0.rpt"/>
  <FileSet Name="sources" Type="DesignSrcs" RelSrcDir="$PSRCDIR/sources_1" RelGenDir="$PGENDIR/sources_1">
    <Filter Type="Srcs"/>
    <File Path="$PSRCDIR/sources_1/imports/lab2/l2p11.vhd">
      <FileInfo>
        <Attr Name="ImportPath" Val="$PPRDIR/../l2p11.vhd"/>
        <Attr Name="ImportTime" Val="1714542492"/>
        <Attr Name="UsedIn" Val="synthesis"/>
        <Attr Name="UsedIn" Val="simulation"/>
      </FileInfo>
    </File>
    <Config>
      <Option Name="DesignMode" Val="RTL"/>
      <Option Name="TopModule" Val="l2p11"/>
      <Option Name="TopAutoSet" Val="TRUE"/>
    </Config>
  </FileSet>
  <FileSet Name="constrs_in" Type="Constrs" RelSrcDir="$PSRCDIR/constrs_1" RelGenDir="$PGENDIR/constrs_1">
    <Filter Type="Constrs"/>
    <File Path="$PSRCDIR/constrs_1/imports/lab2/Basys-3-Master.xdc">
      <FileInfo>
        <Attr Name="ImportPath" Val="$PPRDIR/../Basys-3-Master.xdc"/>
        <Attr Name="ImportTime" Val="1710141044"/>
        <Attr Name="UsedIn" Val="synthesis"/>
        <Attr Name="UsedIn" Val="implementation"/>
      </FileInfo>
    </File>
    <Config>
      <Option Name="ConstrsType" Val="XDC"/>
    </Config>
  </FileSet>
  <FileSet Name="utils" Type="Utils" RelSrcDir="$PSRCDIR/utils_1" RelGenDir="$PGENDIR/utils_1">
    <Filter Type="Utils"/>
    <File Path="$PSRCDIR/utils_1/imports/synth_1/l2p11.dcp">
      <FileInfo>
        <Attr Name="UsedIn" Val="synthesis"/>
        <Attr Name="UsedIn" Val="implementation"/>
        <Attr Name="UsedInSteps" Val="synth_1"/>
        <Attr Name="AutoDcp" Val="1"/>
      </FileInfo>
    </File>
    <Config>
      <Option Name="TopAutoSet" Val="TRUE"/>
    </Config>
  </FileSet>
  <Strategy Version="1" Minor="2">
    <StratHandle Name="Vivado Implementation Defaults" Flow="Vivado Implementation 2023"/>
    <Step Id="init_design"/>
    <Step Id="opt_design"/>
    <Step Id="power_opt_design"/>
    <Step Id="place_design"/>
    <Step Id="post_place_power_opt_design"/>
    <Step Id="phys_opt_design"/>
    <Step Id="route_design"/>
    <Step Id="post_route_phys_opt_design"/>
    <Step Id="write_bitstream"/>
  </Strategy>
</GenRun>
