<?xml version="1.0" encoding="UTF-8"?>
<GenRun Id="synth_1" LaunchPart="xc7a35tcpg236-1" LaunchTime="1727941114">
  <File Type="PA-TCL" Name="l3p5.tcl"/>
  <File Type="RDS-PROPCONSTRS" Name="l3p5_drc_synth.rpt"/>
  <File Type="REPORTS-TCL" Name="l3p5_reports.tcl"/>
  <File Type="RDS-RDS" Name="l3p5.vds"/>
  <File Type="RDS-UTIL" Name="l3p5_utilization_synth.rpt"/>
  <File Type="RDS-UTIL-PB" Name="l3p5_utilization_synth.pb"/>
  <File Type="RDS-DCP" Name="l3p5.dcp"/>
  <File Type="VDS-TIMINGSUMMARY" Name="l3p5_timing_summary_synth.rpt"/>
  <File Type="VDS-TIMING-PB" Name="l3p5_timing_summary_synth.pb"/>
  <FileSet Name="sources" Type="DesignSrcs" RelSrcDir="$PSRCDIR/sources_1" RelGenDir="$PGENDIR/sources_1">
    <Filter Type="Srcs"/>
    <File Path="$PSRCDIR/sources_1/imports/lab3/l3p5.vhd">
      <FileInfo>
        <Attr Name="ImportPath" Val="$PPRDIR/../l3p5.vhd"/>
        <Attr Name="ImportTime" Val="1720676334"/>
        <Attr Name="UsedIn" Val="synthesis"/>
        <Attr Name="UsedIn" Val="simulation"/>
      </FileInfo>
    </File>
    <Config>
      <Option Name="DesignMode" Val="RTL"/>
      <Option Name="TopModule" Val="l3p5"/>
      <Option Name="TopAutoSet" Val="TRUE"/>
    </Config>
  </FileSet>
  <FileSet Name="constrs_in" Type="Constrs" RelSrcDir="$PSRCDIR/constrs_1" RelGenDir="$PGENDIR/constrs_1">
    <Filter Type="Constrs"/>
    <File Path="$PSRCDIR/constrs_1/imports/lab3/Basys-3-Master.xdc">
      <FileInfo>
        <Attr Name="ImportPath" Val="$PPRDIR/../Basys-3-Master.xdc"/>
        <Attr Name="ImportTime" Val="1711604412"/>
        <Attr Name="UsedIn" Val="synthesis"/>
        <Attr Name="UsedIn" Val="implementation"/>
      </FileInfo>
    </File>
    <Config>
      <Option Name="ConstrsType" Val="XDC"/>
    </Config>
  </FileSet>
  <FileSet Name="utils" Type="Utils" RelSrcDir="$PSRCDIR/utils_1" RelGenDir="$PGENDIR/utils_1">
    <Filter Type="Utils"/>
    <Config>
      <Option Name="TopAutoSet" Val="TRUE"/>
    </Config>
  </FileSet>
  <Strategy Version="1" Minor="2">
    <StratHandle Name="Vivado Synthesis Defaults" Flow="Vivado Synthesis 2023"/>
    <Step Id="synth_design"/>
  </Strategy>
</GenRun>
