<?xml version="1.0" encoding="UTF-8"?>
<GenRun Id="synth_1" LaunchPart="xc7a35tcpg236-1" LaunchTime="1726641915">
  <File Type="PA-TCL" Name="l1p3.tcl"/>
  <File Type="RDS-PROPCONSTRS" Name="l1p3_drc_synth.rpt"/>
  <File Type="REPORTS-TCL" Name="l1p3_reports.tcl"/>
  <File Type="RDS-RDS" Name="l1p3.vds"/>
  <File Type="RDS-UTIL" Name="l1p3_utilization_synth.rpt"/>
  <File Type="RDS-UTIL-PB" Name="l1p3_utilization_synth.pb"/>
  <File Type="RDS-DCP" Name="l1p3.dcp"/>
  <File Type="VDS-TIMINGSUMMARY" Name="l1p3_timing_summary_synth.rpt"/>
  <File Type="VDS-TIMING-PB" Name="l1p3_timing_summary_synth.pb"/>
  <FileSet Name="sources" Type="DesignSrcs" RelSrcDir="$PSRCDIR/sources_1" RelGenDir="$PGENDIR/sources_1">
    <Filter Type="Srcs"/>
    <File Path="$PSRCDIR/sources_1/imports/lab1/l1p3.vhd">
      <FileInfo>
        <Attr Name="ImportPath" Val="$PPRDIR/../l1p3.vhd"/>
        <Attr Name="ImportTime" Val="1724810185"/>
        <Attr Name="UsedIn" Val="synthesis"/>
        <Attr Name="UsedIn" Val="simulation"/>
      </FileInfo>
    </File>
    <Config>
      <Option Name="DesignMode" Val="RTL"/>
      <Option Name="TopModule" Val="l1p3"/>
      <Option Name="TopAutoSet" Val="TRUE"/>
    </Config>
  </FileSet>
  <FileSet Name="constrs_in" Type="Constrs" RelSrcDir="$PSRCDIR/constrs_1" RelGenDir="$PGENDIR/constrs_1">
    <Filter Type="Constrs"/>
    <File Path="$PSRCDIR/constrs_1/imports/lab1/Basys-3-Master.xdc">
      <FileInfo>
        <Attr Name="ImportPath" Val="$PPRDIR/../Basys-3-Master.xdc"/>
        <Attr Name="ImportTime" Val="1709249908"/>
        <Attr Name="UsedIn" Val="synthesis"/>
        <Attr Name="UsedIn" Val="implementation"/>
      </FileInfo>
    </File>
    <Config>
      <Option Name="ConstrsType" Val="XDC"/>
    </Config>
  </FileSet>
  <FileSet Name="utils" Type="Utils" RelSrcDir="$PSRCDIR/utils_1" RelGenDir="$PGENDIR/utils_1">
    <Filter Type="Utils"/>
    <Config>
      <Option Name="TopAutoSet" Val="TRUE"/>
    </Config>
  </FileSet>
  <Strategy Version="1" Minor="2">
    <StratHandle Name="Vivado Synthesis Defaults" Flow="Vivado Synthesis 2023"/>
    <Step Id="synth_design"/>
  </Strategy>
</GenRun>
